Finance Company,Lease Payoff Phone Number
Acura Financial Services,866-777-6495
Ally Auto Finance,888-925-2559
Audi Financial Services,888-237-2834
BMW Financial Services,800-578-5000
Cadillac Financial,877-223-5893
Chase Auto Finance,800-227-5151
Chrysler Capital,855?563?5635
Ford Motor Credit,800-727-7000
Genesis Finance,844?340?9741
GM Financial,800-284-2271
Honda Financial Services,800-708-6555
Hyundai Motor Finance,855-463-5378
Infiniti Financial Services,800-778-4211
Jaguar Credit,844?230?4096
Kia Finance America,855-537-8542
Lexus Financial Services,800-874-7050
Lincoln Automotive Financial Services,888-498-8801
Mazda Financial Services,866?693?2332
Mercedes-Benz Financial Services,800-654-6222
Mini Financial Services,866?646-4463
Mitsubishi Credit,888?648?7820
Nissan Motors Acceptance Corporation,800-778-4211
Porsche Financial Services,800-505-1041
Premier Financial Services,877?973?7700
Santander Consumer,888?222?4227
Stellantis Financial Services,800?439?0985
Subaru American Credit,800-644-1941
TD Auto Finance,800?556?8172
Toyota Financial Services,800-286-0652
U.S. Bank Corp.,866?250?3147
Volkswagen Credit,800?428?4034
Volvo Car Financial Services,866-499?6793
World Omni (SouthEast Toyota Finance),877?272?7752
